"Id","Title","Body","Tags"
"1","How to check if an uploaded file is an image without mime type?","<p>I'd like to check if an uploaded file is an image file (e.g png, jpg, jpeg, gif, bmp) or another file. The problem is that I'm using Uploadify to upload the files, which changes the mime type and gives a 'text/octal' or something as the mime type, no matter which file type you upload.</p>

<p>Is there a way to check if the uploaded file is an image apart from checking the file extension using PHP?</p>
","php image-processing file-upload upload mime-types"
"2","How can I prevent firefox from closing when I press ctrl-w","<p>In my favorite editor (vim), I regularly use ctrl-w to execute a certain action. Now, it quite often happens to me that firefox is the active window (on windows) while I still look at vim (thinking vim is the active window) and press ctrl-w which closes firefox. This is not what I want. Is there a way to stop ctrl-w from closing firefox?</p>

<p>Rene</p>
","firefox"
"3","R Error Invalid type (list) for variable","<p>I am import matlab file and construct a data frame, matlab file contains two columns with and each row maintain a cell that has a matrix, I construct a dataframe to run random forest. But I am getting following error. </p>

<pre><code>Error in model.frame.default(formula = expert_data_frame$t_labels ~ .,  : 
  invalid type (list) for variable 'expert_data_frame$t_labels'
</code></pre>

<p>Here is the code how I import the matlab file and construct the dataframe:</p>

<pre><code>all_exp_traintest &lt;- readMat(all_exp_filepath);
len = length(all_exp_traintest$exp.traintest)/2;
    for (i in 1:len) {
      expert_train_df &lt;- data.frame(all_exp_traintest$exp.traintest[i]);
      labels = data.frame(all_exp_traintest$exp.traintest[i+302]);
      names(labels)[1] &lt;- ""t_labels"";
      expert_train_df$t_labels &lt;- labels;
      expert_data_frame &lt;- data.frame(expert_train_df);
      rf_model = randomForest(expert_data_frame$t_labels ~., data=expert_data_frame, importance=TRUE, do.trace=100);
    }
</code></pre>

<p>Structure of the Matlab input file</p>

<pre><code>[56x12 double]    [56x1 double]
[62x12 double]    [62x1 double]
[62x12 double]    [62x1 double]
[62x12 double]    [62x1 double]
[62x12 double]    [62x1 double]
[74x12 double]    [74x1 double]


&gt; str(all_exp_traintest)
List of 1
 $ exp.traintest:List of 604
  ..$ NA: num [1:56, 1:12] 0 0 0 0 8 1 1 0 0 0 ...
  ..$ NA: num [1:62, 1:12] 2 10 11 13 5 10 13 8 11 8 ...
  ..$ NA: num [1:62, 1:12] 0 0 1 0 0 0 0 0 1 1 ...
  ..$ NA: num [1:62, 1:12] 4 2 1 3 3 20 6 3 2 2 ...
  ..$ NA: num [1:62, 1:12] 2731 2362 2937 1229 1898 ...
  ..$ NA: num [1:74, 1:12] 27 33 34 38 33 35 36 35 47 46 ...
  ..$ NA: num [1:74, 1:12] 106 79 99 94 153 104 146 105 125 146 ...
  ..$ NA: num [1:74, 1:12] 3 9 3 0 1 26 0 4 0 0 ...
  ..$ NA: num [1:51, 1:12] 5 7 3 30 0 0 0 0 0 0 ...
  ..$ NA: num [1:66, 1:12] 0 0 13 0 0 3 2 2 0 2 ...
  ..$ NA: num [1:73, 1:12] 1 0 1 0 0 0 2 1 2 5 ...
  ..$ NA: num [1:73, 1:12] 23 14 20 14 24 22 32 61 84 278 ...
  ..$ NA: num [1:75, 1:12] 1 7 0 1 2 3 3 0 16 10 ...
  ..$ NA: num [1:90, 1:12] 10 7 8 15 25 12 37 31 18 48 ...
  ..$ NA: num [1:90, 1:12] 0 6 3 1 5 7 8 6 1 1 ...
  ..$ NA: num [1:90, 1:12] 0 1 1 2 0 4 9 6 3 4 ...
  ..$ NA: num [1:90, 1:12] 6 0 5 27 11 50 22 8 10 4 ...
  ..$ NA: num [1:90, 1:12] 3 9 13 12 4 0 5 0 5 0 ...
  ..$ NA: num [1:90, 1:12] 1 0 1 0 1 2 1 0 1 2 ...
  ..$ NA: num [1:90, 1:12] 3395 3400 3360 3770 3533 ...
  ..$ NA: num [1:84, 1:12] 0 0 0 0 5 0 0 5 4 2 ...
  ..$ NA: num [1:80, 1:12] 2 3 3 3 4 28 61 26 8 1 ...
  ..$ NA: num [1:81, 1:12] 4 28 22 9 16 43 80 21 19 18 ...
  ..$ NA: num [1:76, 1:12] 1 0 0 1 49 64 60 230 222 267 ...
  ..$ NA: num [1:76, 1:12] 4786 4491 2510 1144 2071 ...
  ..$ NA: num [1:76, 1:12] 80 128 254 109 114 267 152 139 368 363 ...
  ..$ NA: num [1:76, 1:12] 1 5 8 2 14 5 3 13 8 2 ...
  ..$ NA: num [1:76, 1:12] 10 3 8 79 4 4 11 30 2 0 ...
  ..$ NA: num [1:68, 1:12] 0 0 2 0 0 2 6 0 0 4 ...
  ..$ NA: num [1:68, 1:12] 1 4 5 2 2 3 3 1 3 0 ...
  ..$ NA: num [1:68, 1:12] 0 0 1 0 0 0 0 0 0 1 ...
  ..$ NA: num [1:69, 1:12] 39 45 2 0 1 4 3 0 13 0 ...
  ..$ NA: num [1:69, 1:12] 0 4 6 0 0 4 1 6 10 1 ...
  ..$ NA: num [1:69, 1:12] 0 2 5 2 2 2 0 0 3 6 ...
  ..$ NA: num [1:69, 1:12] 3 0 1 1 1 4 7 5 5 1 ...
  ..$ NA: num [1:66, 1:12] 5 0 0 0 0 0 0 1 3 5 ...
  ..$ NA: num [1:66, 1:12] 4 3 3 0 0 4 0 0 0 0 ...
  ..$ NA: num [1:65, 1:12] 0 0 1 0 0 0 5 8 4 1 ...
  ..$ NA: num [1:65, 1:12] 0 5 6 0 2 0 0 1 1 2 ...
  ..$ NA: num [1:69, 1:12] 0 16 5 1 14 0 1 0 0 16 ...
  ..$ NA: num [1:69, 1:12] 0 0 0 0 0 25 2 3 0 0 ...
  ..$ NA: num [1:64, 1:12] 2 0 0 0 0 0 0 0 0 0 ...
  ..$ NA: num [1:42, 1:12] 0 0 0 0 0 0 0 0 0 0 ...
  ..$ NA: num [1:67, 1:12] 0 2 4 10 15 4 1 43 1 7 ...
  ..$ NA: num [1:63, 1:12] 32 6 12 5 92 8 29 7 21 20 ...
  ..$ NA: num [1:63, 1:12] 2 5 12 8 10 13 6 11 10 14 ...
  ..$ NA: num [1:63, 1:12] 3 5 10 9 0 1 8 13 2 14 ...
  ..$ NA: num [1:54, 1:12] 0 0 14 0 0 0 0 0 0 1 ...
  ..$ NA: num [1:82, 1:12] 152 99 63 57 105 44 28 33 43 49 ...
  ..$ NA: num [1:81, 1:12] 0 1 0 0 0 0 0 0 0 0 ...
  ..$ NA: num [1:75, 1:12] 0 1 3 0 0 0 0 0 0 0 ...
  ..$ NA: num [1:75, 1:12] 1 0 0 2 0 1 0 0 0 0 ...
  ..$ NA: num [1:75, 1:12] 1 6 5 5 3 8 1 3 1 0 ...
  ..$ NA: num [1:72, 1:12] 0 0 0 0 1 0 1 2 0 0 ...
  ..$ NA: num [1:62, 1:12] 310 91 4 4 9 0 0 1 0 0 ...
  ..$ NA: num [1:62, 1:12] 239 374 1060 599 805 808 139 150 490 326 ...
  ..$ NA: num [1:49, 1:12] 9 18 10 12 19 5 13 10 2 3 ...
  ..$ NA: num [1:61, 1:12] 2 0 0 0 1 0 0 0 0 0 ...
  ..$ NA: num [1:61, 1:12] 4 10 16 15 8 14 10 23 11 5 ...
  ..$ NA: num [1:61, 1:12] 0 1 4 4 5 3 0 1 1 1 ...
  ..$ NA: num [1:65, 1:12] 165 100 177 65 148 58 188 55 59 62 ...
  ..$ NA: num [1:65, 1:12] 13 0 0 2 2 3 0 0 0 0 ...
  ..$ NA: num [1:66, 1:12] 157 58 101 92 15 21 73 80 78 75 ...
  ..$ NA: num [1:66, 1:12] 8 6 1 0 6 2 2 6 10 9 ...
  ..$ NA: num [1:87, 1:12] 1 2 5 6 8 3 3 3 2 3 ...
  ..$ NA: num [1:83, 1:12] 0 0 0 0 0 0 2 13 0 0 ...
  ..$ NA: num [1:81, 1:12] 0 0 1 0 3 5 3 0 2 7 ...
  ..$ NA: num [1:81, 1:12] 33 81 94 30 5 36 16 90 121 182 ...
  ..$ NA: num [1:81, 1:12] 10 11 16 6 0 0 0 1 0 0 ...
  ..$ NA: num [1:81, 1:12] 7 0 0 2 1 3 1 4 0 0 ...
  ..$ NA: num [1:81, 1:12] 1 0 5 0 2 3 1 0 1 1 ...
  ..$ NA: num [1:95, 1:12] 30 160 116 130 444 515 225 135 108 175 ...
  ..$ NA: num [1:95, 1:12] 12 1 0 10 3 3 0 4 0 0 ...
  ..$ NA: num [1:95, 1:12] 1 0 0 0 3 3 1 0 0 0 ...
  ..$ NA: num [1:95, 1:12] 11 42 61 23 41 56 81 6 83 82 ...
  ..$ NA: num [1:95, 1:12] 1 2 5 3 6 4 2 8 28 1 ...
  ..$ NA: num [1:95, 1:12] 283 192 377 216 207 261 394 262 262 554 ...
  ..$ NA: num [1:94, 1:12] 0 0 0 0 0 0 0 0 0 0 ...
  ..$ NA: num [1:72, 1:12] 0 0 0 0 0 0 0 0 0 0 ...
  ..$ NA: num [1:72, 1:12] 5 3 0 2 13 27 6 2 12 36 ...
  ..$ NA: num [1:72, 1:12] 0 2 2 0 1 0 1 4 2 2 ...
  ..$ NA: num [1:72, 1:12] 0 0 1 0 3 1 0 4 1 0 ...
  ..$ NA: num [1:67, 1:12] 27 7 18 1 2 0 0 0 0 0 ...
  ..$ NA: num [1:67, 1:12] 10 2 1 10 7 0 0 1 1 4 ...
  ..$ NA: num [1:67, 1:12] 14 17 9 20 13 20 18 13 10 7 ...
  ..$ NA: num [1:64, 1:12] 0 0 0 0 4 0 0 0 3 0 ...
  ..$ NA: num [1:64, 1:12] 3 0 1 0 2 7 13 14 4 2 ...
  ..$ NA: num [1:64, 1:12] 0 0 0 0 0 0 0 0 2 0 ...
  ..$ NA: num [1:72, 1:12] 59 61 55 120 49 202 325 244 377 551 ...
  ..$ NA: num [1:72, 1:12] 0 0 0 0 0 0 0 0 1 0 ...
  ..$ NA: num [1:72, 1:12] 0 3 1 0 1 0 0 0 4 0 ...
  ..$ NA: num [1:72, 1:12] 5 12 6 9 15 10 15 27 15 9 ...
  ..$ NA: num [1:72, 1:12] 7 0 3 0 0 1 1 1 1 0 ...
  ..$ NA: num [1:72, 1:12] 0 0 0 0 89 0 19 3 3 2 ...
  ..$ NA: num [1:61, 1:12] 5 3 5 3 3 29 46 140 49 24 ...
  ..$ NA: num [1:63, 1:12] 23 0 0 0 0 60 7 73 13 19 ...
  ..$ NA: num [1:95, 1:12] 7 96 28 2 9 5 8 190 166 1 ...
  ..$ NA: num [1:95, 1:12] 0 0 1 1 0 0 0 0 0 0 ...
  ..$ NA: num [1:95, 1:12] 4 0 2 6 6 11 6 5 6 9 ...
  .. [list output truncated]
 - attr(*, ""header"")=List of 3
  ..$ description: chr ""MATLAB 5.0 MAT-file, Platform: MACI64, Created on: Sun Dec  9 17:35:24 2012                                         ""
  ..$ version    : chr ""5""
  ..$ endian     : chr ""little""
</code></pre>

<p>After loading the matlab file into R</p>

<pre><code>all_exp_traintest$exp.traintest[1]
$&lt;NA&gt;
      [,1] [,2]  [,3]   [,4]   [,5]    [,6]     [,7]      [,8]       [,9]       [,10]        [,11]        [,12]
 [1,]    0  0.0  0.00  0.000 0.5000 0.03125 0.015625 0.0000000 0.00000000 0.000000000 0.0000000000 0.0000000000
 [2,]    0  0.0  0.00  1.000 0.0625 0.03125 0.000000 0.0000000 0.00000000 0.000000000 0.0000000000 0.0000000000
 [3,]    0  0.0  2.00  0.125 0.0625 0.00000 0.000000 0.0000000 0.00000000 0.000000000 0.0000000000 0.0000000000
 [4,]    0  4.0  0.25  0.125 0.0000 0.00000 0.000000 0.0000000 0.00000000 0.000000000 0.0000000000 0.0009765625
 [5,]    8  0.5  0.25  0.000 0.0000 0.00000 0.000000 0.0000000 0.00000000 0.000000000 0.0019531250 0.0000000000
 [6,]    1  0.5  0.00  0.000 0.0000 0.00000 0.000000 0.0000000 0.00000000 0.003906250 0.0000000000 0.0004882812
 [7,]    1  0.0  0.00  0.000 0.0000 0.00000 0.000000 0.0000000 0.00781250 0.000000000 0.0009765625 0.0009765625
 [8,]    0  0.0  0.00  0.000 0.0000 0.00000 0.000000 0.0156250 0.00000000 0.001953125 0.0019531250 0.0000000000
 [9,]    0  0.0  0.00  0.000 0.0000 0.00000 0.031250 0.0000000 0.00390625 0.003906250 0.0000000000 0.0004882812
[10,]    0  0.0  0.00  0.000 0.0000 0.06250 0.000000 0.0078125 0.00781250 0.000000000 0.0009765625 0.0000000000
[11,]    0  0.0  0.00  0.000 0.1250 0.00000 0.015625 0.0156250 0.00000000 0.001953125 0.0000000000 0.0000000000
[12,]    0  0.0  0.00  0.250 0.0000 0.03125 0.031250 0.0000000 0.00390625 0.000000000 0.0000000000 0.0004882812
[13,]    0  0.0  0.50  0.000 0.0625 0.06250 0.000000 0.0078125 0.00000000 0.000000000 0.0009765625 0.0000000000
[14,]    0  1.0  0.00  0.125 0.1250 0.00000 0.015625 0.0000000 0.00000000 0.001953125 0.0000000000 0.0024414062
[15,]    2  0.0  0.25  0.250 0.0000 0.03125 0.000000 0.0000000 0.00390625 0.000000000 0.0048828125 0.0014648438
[16,]    0  0.5  0.50  0.000 0.0625 0.00000 0.000000 0.0078125 0.00000000 0.009765625 0.0029296875 0.0039062500
[17,]    1  1.0  0.00  0.125 0.0000 0.00000 0.015625 0.0000000 0.01953125 0.005859375 0.0078125000 0.0151367188
[18,]    2  0.0  0.25  0.000 0.0000 0.03125 0.000000 0.0390625 0.01171875 0.015625000 0.0302734375 0.0019531250
[19,]    0  0.5  0.00  0.000 0.0625 0.00000 0.078125 0.0234375 0.03125000 0.060546875 0.0039062500 0.0029296875
[20,]    1  0.0  0.00  0.125 0.0000 0.15625 0.046875 0.0625000 0.12109375 0.007812500 0.0058593750 0.0253906250
[21,]    0  0.0  0.25  0.000 0.3125 0.09375 0.125000 0.2421875 0.01562500 0.011718750 0.0507812500 0.0253906250
[22,]    0  0.5  0.00  0.625 0.1875 0.25000 0.484375 0.0312500 0.02343750 0.101562500 0.0507812500 0.0063476562
[23,]    1  0.0  1.25  0.375 0.5000 0.96875 0.062500 0.0468750 0.20312500 0.101562500 0.0126953125 0.0009765625
[24,]    0  2.5  0.75  1.000 1.9375 0.12500 0.093750 0.4062500 0.20312500 0.025390625 0.0019531250 0.0000000000
[25,]    5  1.5  2.00  3.875 0.2500 0.18750 0.812500 0.4062500 0.05078125 0.003906250 0.0000000000 0.0019531250
[26,]    3  4.0  7.75  0.500 0.3750 1.62500 0.812500 0.1015625 0.00781250 0.000000000 0.0039062500 0.0029296875
[27,]    8 15.5  1.00  0.750 3.2500 1.62500 0.203125 0.0156250 0.00000000 0.007812500 0.0058593750 0.0009765625
[28,]   31  2.0  1.50  6.500 3.2500 0.40625 0.031250 0.0000000 0.01562500 0.011718750 0.0019531250 0.0000000000
[29,]    4  3.0 13.00  6.500 0.8125 0.06250 0.000000 0.0312500 0.02343750 0.003906250 0.0000000000 0.0083007812
[30,]    6 26.0 13.00  1.625 0.1250 0.00000 0.062500 0.0468750 0.00781250 0.000000000 0.0166015625 0.0000000000
[31,]   52 26.0  3.25  0.250 0.0000 0.12500 0.093750 0.0156250 0.00000000 0.033203125 0.0000000000 0.0048828125
[32,]   52  6.5  0.50  0.000 0.2500 0.18750 0.031250 0.0000000 0.06640625 0.000000000 0.0097656250 0.0034179688
[33,]   13  1.0  0.00  0.500 0.3750 0.06250 0.000000 0.1328125 0.00000000 0.019531250 0.0068359375 0.0229492188
[34,]    2  0.0  1.00  0.750 0.1250 0.00000 0.265625 0.0000000 0.03906250 0.013671875 0.0458984375 0.0297851562
[35,]    0  2.0  1.50  0.250 0.0000 0.53125 0.000000 0.0781250 0.02734375 0.091796875 0.0595703125 0.0771484375
[36,]    4  3.0  0.50  0.000 1.0625 0.00000 0.156250 0.0546875 0.18359375 0.119140625 0.1542968750 0.0004882812
[37,]    6  1.0  0.00  2.125 0.0000 0.31250 0.109375 0.3671875 0.23828125 0.308593750 0.0009765625 0.0000000000
[38,]    2  0.0  4.25  0.000 0.6250 0.21875 0.734375 0.4765625 0.61718750 0.001953125 0.0000000000 0.0048828125
[39,]    0  8.5  0.00  1.250 0.4375 1.46875 0.953125 1.2343750 0.00390625 0.000000000 0.0097656250 0.0000000000
[40,]   17  0.0  2.50  0.875 2.9375 1.90625 2.468750 0.0078125 0.00000000 0.019531250 0.0000000000 0.0000000000
[41,]    0  5.0  1.75  5.875 3.8125 4.93750 0.015625 0.0000000 0.03906250 0.000000000 0.0000000000 0.0000000000
[42,]   10  3.5 11.75  7.625 9.8750 0.03125 0.000000 0.0781250 0.00000000 0.000000000 0.0000000000 0.0004882812
[43,]    7 23.5 15.25 19.750 0.0625 0.00000 0.156250 0.0000000 0.00000000 0.000000000 0.0009765625 0.0078125000
[44,]   47 30.5 39.50  0.125 0.0000 0.31250 0.000000 0.0000000 0.00000000 0.001953125 0.0156250000 0.0000000000
[45,]   61 79.0  0.25  0.000 0.6250 0.00000 0.000000 0.0000000 0.00390625 0.031250000 0.0000000000 0.0000000000
[46,]  158  0.5  0.00  1.250 0.0000 0.00000 0.000000 0.0078125 0.06250000 0.000000000 0.0000000000 0.0004882812
[47,]    1  0.0  2.50  0.000 0.0000 0.00000 0.015625 0.1250000 0.00000000 0.000000000 0.0009765625 0.0000000000
[48,]    0  5.0  0.00  0.000 0.0000 0.03125 0.250000 0.0000000 0.00000000 0.001953125 0.0000000000 0.0000000000
[49,]   10  0.0  0.00  0.000 0.0625 0.50000 0.000000 0.0000000 0.00390625 0.000000000 0.0000000000 0.0000000000
[50,]    0  0.0  0.00  0.125 1.0000 0.00000 0.000000 0.0078125 0.00000000 0.000000000 0.0000000000 0.0000000000
[51,]    0  0.0  0.25  2.000 0.0000 0.00000 0.015625 0.0000000 0.00000000 0.000000000 0.0000000000 0.0000000000
[52,]    0  0.5  4.00  0.000 0.0000 0.03125 0.000000 0.0000000 0.00000000 0.000000000 0.0000000000 0.0000000000
[53,]    1  8.0  0.00  0.000 0.0625 0.00000 0.000000 0.0000000 0.00000000 0.000000000 0.0000000000 0.0000000000
[54,]   16  0.0  0.00  0.125 0.0000 0.00000 0.000000 0.0000000 0.00000000 0.000000000 0.0000000000 0.0000000000
[55,]    0  0.0  0.25  0.000 0.0000 0.00000 0.000000 0.0000000 0.00000000 0.000000000 0.0000000000 0.0000000000
[56,]    0  0.5  0.00  0.000 0.0000 0.00000 0.000000 0.0000000 0.00000000 0.000000000 0.0000000000 0.0000000000
</code></pre>
","r matlab machine-learning"
"4","How do I replace special characters in a URL?","<p>This is probably very simple, but I simply cannot find the answer myself :( </p>

<p>Basicaly, what I want is, given this string:</p>

<p>""http://www.google.com/search?hl=en&amp;q=c# objects""</p>

<p>I want this output:</p>

<p><a href=""http://www.google.com/search?hl=en&amp;q=c%23+objects"">http://www.google.com/search?hl=en&amp;q=c%23+objects</a></p>

<p>I'm sure there's some helper class somewhere buried in the Framework that takes care of that for me, but I'm having trouble finding it.</p>

<p>EDIT: I should add, that this is for a Winforms App.</p>
","c# url encoding"
"5","How to modify whois contact details?","<pre><code>function modify(.......)
{
  $mcontact = file_get_contents( ""https://test.httpapi.com/api/contacts/modify.json?auth-userid=$uid&amp;auth-password=$pass&amp;contact-id=$cid&amp;name=$name &amp;company=$company&amp;email=$email&amp;address-line-1=$street&amp;city=$city&amp;country=$country&amp;zipcode=$pincode&amp;phone-cc=$countryCodeList[$phc]&amp;phone=$phone"" );

  $mdetails = json_decode( $mcontact, true );

  return $mdetails;
}
</code></pre>

<p>using this modify function, displays warning mesage
</p>

<pre class=""lang-none prettyprint-override""><code>Warning: file_get_contents(https://...@hihfg.com&amp;address-line-1=3,dfgdf,fgdf&amp;city=dfgfd&amp;country=India&amp;zipcode=641005&amp;phone-cc=91&amp;phone=756657) 
  [function.file-get-contents]: failed to open stream: HTTP request failed!
  HTTP/1.0 400 Bad request in /home/gfdgfd/public_html/new_one/customer/account/class.whois.php
  on line 49
</code></pre>

<p>Please help me, modify contact details..</p>
","php api file-get-contents"
"6","setting proxy in active directory environment","<p>I am using a machine on which active directory is configured. I am developing an application on the same machine. Now I want to do some performance testing of that application using the JMeter. Now when I start the JMeter proxy server, and set it in browser and try to browse the application I get an error ""Internet Explorer cannot display the webpage"". Am I missing anything?</p>
","proxy active-directory jmeter"
"7","How to draw barplot in this way with Coreplot","<p>My image is cannot post so  the link is my picture </p>

<p><img src=""http://i.stack.imgur.com/bA7Tz.jpg"" alt=""http://m1.img.libdd.com/farm4/2013/0528/10/959DCB60497E3C74E998958C2F4674DB2E9198943E62C_1280_487.jpg""></p>

<p>I want to draw a chart like the image in iOS app </p>

<p>I use the CorePlot to help me to make this </p>

<p>My Question:</p>

<ol>
<li><p>How to draw 3 barPlot whit  3 kinds color </p></li>
<li><p>How to draw a barPlot from the CPTXYAxis  0  to   -4000  in the Upside down way </p></li>
</ol>

<p>Any help would be appreciate</p>

<p>Thanks all</p>
","core-plot"
"8","How to fetch an XML feed using asp.net","<p>I've decided to convert a Windows Phone 7 app that fetches an XML feed and then parses it to an asp.net web app, using Visual Web Developer Express. I figure since the code already works for WP7, it should be a matter of mostly copying and pasting it for the C# code behind. </p>

<pre><code>HttpWebRequest request = HttpWebRequest.CreateHttp(""http://webservices.nextbus.com/service/publicXMLFeed?command=routeConfig&amp;a=sf-muni&amp;r="" + line1);
</code></pre>

<p>That's the first line of code from my WP7 app that fetches the XML feed, but I can't even get HttpWebRequest to work in Visual Web Developer like that. Intellisense shows a create and createdefault, but no CreateHttp like there was in Windows Phone 7. I just need to figure out how to fetch the page, I assume the parsing will be the same as on my phone app. Any help?</p>

<p>Thanks,</p>

<p>Amanda</p>
","c# asp.net windows-phone-7"
"9",".NET library for generating javascript?","<p>Do you know of a .NET library for generating javascript code? </p>

<p>I want to generate javascript code based on information in my .NET application. I would like to be able to create an AST-like datastructure (using C#) and have it turned into valid javascript. I need to be able to create functions, statements, expressions etc., so I need something more than a JSON serializer - but I guess you could think of this as a (<em>very</em>) generalized JSON serializer.</p>

<p>Do such libraries exist and if so, could you recommend any?</p>

<p>Thank you.</p>
",".net javascript code-generation"
"10","SQL Server : procedure call, inline concatenation impossible?","<p>I'm using SQL Server 2008 R2 and was wondering if there is another way of writing something like</p>

<pre><code>EXEC dbo.myProcedure (SELECT columnName FROM TableName)
</code></pre>

<p>or</p>

<pre><code>EXEC dbo.myProcedure @myStringVariable + 'other text'
</code></pre>

<p>so that these procedure calls <strong>actually work</strong>, <strong>without</strong> putting the whole stuff into a variable first.</p>
","sql variables parameters procedure calls"
"11","How do commercial obfuscators achieve to crash .net Reflector and ILDASM?","<p>Some commercial obfuscators <a href=""http://www.remotesoft.com/salamander/obfuscator.html"" rel=""nofollow"">claim they can crash ILDASM</a> (and other similar tools such as Reflector)</p>

<p><strong>Any idea on how they achieve that?</strong></p>

<p>As stated in numerous threads here, someone with enough motivation/time/skill will always find a way to read your code (aka if it's runnable, it's decompilable), but it seems to me that most casual code readers won't bother decompiling my code if Reflector can't do it for them.</p>

<p>This level of protection of my IP (ie, protected against anybody but the hardcore guys who would probably find a way around every single trick I would throw at them anyway) would definitely be enough for me.</p>
",".net obfuscation reflector"
"12","Crappy Random Number Generator","<p>This may sound like an odd question, but where can I find a random number generator that works in C or C++ that is not very good?</p>

<p>Context: I'm creating some tree graph plotting software and testing it by using multi-digit random numbers (so each digit becomes a node in the tree). The random number generator I've been using - which is the one that comes with the GNU C++ compiler - gives me a nice spread of values. That's good, but I want to see how the table looks when the numbers clump together and are less homogenous. </p>

<p>Can anyone suggest a random number generator that has been proven to be not-so-random?</p>

<p>(Oh, any anyone who links to xkcd and/or suggests I just return 4 will get sarcasm in response).</p>
","algorithm language-agnostic random"
"13","Migrate from Mdaemon to postfix","<p>how can I move Inbox/Sent/Draft from Mdaemon to postfix?
<br/>
is there any automatic way? </p>
","postfix migration mdaemon"
"14","Where can I find the LaTeX3 manual?","<p>Few month ago I saw a big pdf-manual of all LaTeX3-packages and the new syntax. I think it was bigger than 300 pages. I can't find it on the web. </p>

<p>Does anyone have a link?</p>
","documentation latex3 expl3"
"15","Can I stop windows 7 from fading windows on alt-tab?","<p>When you hit alt tab on windows 7 and stop for a second on a window, it hides all other windows.  Is there any way to tell Windows 7 to use the old classic behavior?</p>
","windows-7"
"16","PHP framework URL conventions","<p>A lot of frameworks use URL conventions like <code>/controller/action/{id}</code> which is great, but if you need any configuration beyond that, it's up to you to write your own routes.</p>

<p>How would you handle URLs like <code>/users/{id}/friends</code> on the backend? (to list all of a user's friends)</p>

<p>I'm thinking that in the controller, something like this would be appropriate:</p>

<pre><code>class User {
    function index() {
        echo 'user index';
    }
}

class Friend extends User {
    function index($user_id) {
        echo 'friend index';
    }    
}
</code></pre>

<p>Then you would have the following map:</p>

<pre><code>/users              -&gt; User::index()
/users/{id}         -&gt; User::view($id)
/users/{id}/friends -&gt; Friend::index($user_id)
</code></pre>

<p>I wanted to put the Friend class inside the User class but apparently you can't do that in PHP so this is the best I could come up with. Thoughts?</p>

<p>What URL would use for editing your list of friends? <code>/users/{id}/friends/edit</code> could work, but it doesn't seem appropriate, since you should never be editing someone else's friend list. Would <code>/account/friends/edit</code> be a better choice? Where would you put the corresponding code for that? In a friend controller, or a user controller, or a specialized account controller?</p>

<p>Bonus question: which do you prefer? <code>/photos/delete/{id}</code> or <code>/photos/{id}/delete</code></p>

<p><hr /></p>

<p><strong>The answers:</strong></p>

<p>So, what I've gathered from the answers is that if the ""thing"" is complicated (like ""friends"") but doesn't have its own controller, you can give it one without a model, or if it's not, you should stuff it in with whatever it's most closely related to. Your URLs should not influence where you put your code. Most people seem to think you should stick to <code>/controller/action/{id}</code> whever possible, because it's what people are familiar with.</p>

<p>No one really commented on the extended class aside from saying it's ""awkward"". Perhaps FriendList would have been a more appropriate class in that case if I really wanted to separate it out.</p>

<p>Thanks for all the answers :)</p>
","php url-routing conventions"
"17","What creates "".rds"" temporary files in R?","<p>I'm running a server process in R that is restarted often, and which uses many R packages. Right now, each restart creates a temporary directory that contains a couple of files with the ""rds"" extension. I'd really like to know which R package or feature causes these .rds files to be created (so I can disable that). Thanks!</p>

<p>The filenames look like this:</p>

<p>libloc_%2fusr%2flib%2fR%2flibraryVersion,Priority,Depends,Imports,LinkingTo,Suggests,Enhances,OS_type,License,Archs,Built.rds</p>

<p>and the beginning of the content look like this:</p>

<pre><code>      [,1]         [,2]                 [,3]          [,4]          [,5]                                              
 [1,] ""KernSmooth"" ""/usr/lib/R/library"" ""2.23-6""      ""recommended"" ""R (&gt;= 2.5.0), stats""                             
 [2,] ""MASS""       ""/usr/lib/R/library"" ""7.3-13""      ""recommended"" ""R (&gt;= 2.13.0), grDevices, graphics, stats, utils""
 [3,] ""Matrix""     ""/usr/lib/R/library"" ""0.999375-50"" ""recommended"" ""R (&gt;= 2.10.0), stats, methods, utils, lattice""   
 [4,] ""base""       ""/usr/lib/R/library"" ""2.13.0""      ""base""        NA                                                
 [5,] ""class""      ""/usr/lib/R/library"" ""7.3-2""       ""recommended"" ""R (&gt;= 2.5.0), stats, utils""                      
 [6,] ""compiler""   ""/usr/lib/R/library"" ""2.13.0""      ""base""        NA                                                
 [7,] ""datasets""   ""/usr/lib/R/library"" ""2.13.0""      ""base""        NA                                                
 [8,] ""grDevices""  ""/usr/lib/R/library"" ""2.13.0""      ""base""        NA                                                
 [9,] ""graphics""   ""/usr/lib/R/library"" ""2.13.0""      ""base""        NA                                                
[10,] ""grid""       ""/usr/lib/R/library"" ""2.13.0""      ""base""        NA                                                
[11,] ""lattice""    ""/usr/lib/R/library"" ""0.19-26""     ""recommended"" ""R (&gt;= 2.11.0)""                                   
[12,] ""methods""    ""/usr/lib/R/library"" ""2.13.0""      ""base""        NA                                                
[13,] ""nnet""       ""/usr/lib/R/library"" ""7.3-1""       ""recommended"" ""R (&gt;= 2.5.0), stats, utils""                      
[14,] ""spatial""    ""/usr/lib/R/library"" ""7.3-2""       ""recommended"" ""R (&gt;= 2.5.0), graphics, stats, utils""            
[15,] ""splines""    ""/usr/lib/R/library"" ""2.13.0""      ""base""        NA                                                
[16,] ""stats""      ""/usr/lib/R/library"" ""2.13.0""      ""base""        NA                                                
[17,] ""stats4""     ""/usr/lib/R/library"" ""2.13.0""      ""base""        ""methods, graphics, stats""                        
[18,] ""tcltk""      ""/usr/lib/R/library"" ""2.13.0""      ""base""        NA                                                
[19,] ""tools""      ""/usr/lib/R/library"" ""2.13.0""      ""base""        NA                                                
[20,] ""utils""      ""/usr/lib/R/library"" ""2.13.0""      ""base""        NA                                                
</code></pre>
","r temporary-files"
"18","WPF: multiple controls binding to same property","<p>Hello<br>
I'm trying to change several controls' property according to some environment variables and i want to avoid creating a property for each control in the datacontext, so i thought using a converter which sets the property according to control name. Goal is to use one property for all controls:   </p>

<pre><code>&lt;Grid.Resources&gt;
   &lt;local:NameToStringConverter x:Key=""conv"" /&gt;    
&lt;/Grid.Resources&gt;

&lt;TextBlock Name=""FordPerfect"" 
     Text=""{Binding ElementName=""FordPerfect"" Path=Name, Converter={StaticResource conv}, Mode=OneWay}""/&gt;
&lt;TextBlock Name=""Arthur"" 
     Text=""{Binding ElementName=""Arthur"" Path=Name, Converter={StaticResource conv}, Mode=OneWay}""/&gt;
&lt;TextBlock Name=""ZaphodBeeblebrox"" 
     Text=""{Binding ElementName=""ZaphodBeeblebrox"" Path=Name, Converter={StaticResource conv}, Mode=OneWay}""/&gt;
</code></pre>

<p>and ...</p>

<pre><code>public class NameToStringConverter : IValueConverter
{
    public object Convert(
     object value, Type targetType,
     object parameter, CultureInfo culture)
    {            
        if (MyGlobalEnv.IsFlavor1 &amp;&amp; ((string)value).Equals(""ZaphodBeeblebrox"")) return ""42""
        if (MyGlobalEnv.IsFlavor2 &amp;&amp; ((string)value).Equals(""ZaphodBeeblebrox"")) return ""43""
        if (MyGlobalEnv.IsFlavor1 &amp;&amp; ((string)value).Equals(""Arthur"")) return ""44""

        return ""?"";
    }

    public object ConvertBack(
     object value, Type targetType,
     object parameter, CultureInfo culture)
    {
        throw new NotSupportedException(""Cannot convert back"");
    }
}
</code></pre>

<p>I'm sure there's a better and more elegant way... Any ideas?</p>
","wpf binding"
"19","Play framework auto javascript and CSS minifier","<p>Does anyone know a good play plugin that automatically minifies javascript and css to attach to a production play server?</p>

<p>I've found this one, but I guess there are more out there:</p>

<p><a href=""https://github.com/greenlaw110/play-greenscript"" rel=""nofollow"">https://github.com/greenlaw110/play-greenscript</a></p>

<p>The main problem I see here is that the having javascript being generated from the play side, the plugin would have to detect JS code that gets generated on the fly. Mainly because I'm writing values directly into the javascript like:</p>

<pre><code>function foo${handlerID}(someVar){
var x = ${some_val};

(...)
}

var t = foo${handlerID}('bar');
</code></pre>
","javascript code-generation playframework minify"
"20","Creating a repetitive node from a hash array with simplexml_load_string, a cycle and variables","<p>=) I need your kindly help to accomplish a simple task. I've been searching but I can't find what I need. It shouldn't be difficult, probably it's a matter of syntax =)</p>

<p>I create a string representing an XML inside the function like this:</p>

<pre><code>$sxe = simplexml_load_string('
&lt;xmlFile&gt;
 &lt;item param=""'.$variable.'""&gt;
  &lt;subitem&gt;'.$var2s.'&lt;/subitem&gt;
 &lt;/item&gt;
&lt;/xmlFile&gt;
');
</code></pre>

<p>The contents of the variables are plain strings like this <code>abc,def,ghi</code> in both variables which I obtain from a hash this way:</p>

<pre><code>isset($variable);
$variable="""";
isset($vars2);
$vars2="""";

foreach ($hashArray as $stringKey =&gt; $stringValue) {
 // I separate each result with a comma
 $variable .= $stringKey."","";
 $vars2 .= $stringValue."","";
}
// Then remove the last comma
$variable = substr($variable, 0, -1);
$vars2 = substr($vars2, 0, -1);
</code></pre>

<p>When I save my XML with <code>$sxe-&gt;asXml('xml/myGreatFile.xml');</code> I got something similar to:</p>

<pre><code>&lt;xmlFile&gt;
 &lt;item param=""abc,def,ghi""&gt;
  &lt;subitem&gt;JKL,MNO,PQR&lt;/subitem&gt;
 &lt;/item&gt;
&lt;/xmlFile&gt;
</code></pre>

<p>That was fine but now for my new requirement I need a result similar to this:</p>

<pre><code>&lt;xmlFile&gt;
 &lt;item param=""abc""&gt;
  &lt;subitem&gt;JKL&lt;/subitem&gt;
 &lt;/item&gt;
 &lt;item param=""def""&gt;
  &lt;subitem&gt;MNO&lt;/subitem&gt;
 &lt;/item&gt;
 &lt;item param=""ghi""&gt;
  &lt;subitem&gt;PQR&lt;/subitem&gt;
 &lt;/item&gt;
&lt;/xmlFile&gt;
</code></pre>

<p>How can I create this repetitive node???
I tried to concatenate PHP functions inside the <code>simplexml_load_string</code> string as I did with the variables but seems to be it's not possible:</p>

<pre><code>$sxe = simplexml_load_string('
&lt;xmlFile&gt;'.
 // Syntax Error u_u
 foreach ($hashArray as $stringKey =&gt; $stringValue) {
  $variable .= $stringKey."","";
  $vars2 .= $stringValue."","";.

 '&lt;item param=""'.$variable.'""&gt;
  &lt;subitem&gt;'.$var2s.'&lt;/subitem&gt;
 &lt;/item&gt;'.
 }
.'&lt;/xmlFile&gt;
');
</code></pre>

<p>Of course my syntax it's wrong, but I want to create this repetitive node somehow, maybe with a cycle and maybe using my hash array directly instead of passing it to string.</p>

<p>Can somebody please help me â€œcuresâ€???
THANKS A LOT =) =) =)</p>
","php xml hash multidimensional-array simplexml-load-string"
